ID,Name,Gender,Species,,First Appearance,Nº of Dolls,Has pet,Hair color,Skullete,Silhouette
abbey-bominable,Abbey Bominable,Female,Yeti,,Webisodes,17,Yes,White / Pink / Purple / Blue,,
clawdeen-wolf,Clawdeen Wolf,Female,Werewolf,,Webisodes,41,Yes,Brown,,
cleo-de-nile,Cleo de Nile,Female,Mummy,,Webisodes,26,Yes,Brown / Gold,,
deuce-gorgon,Deuce Gorgon,Male,Gorgon,,Webisodes,8,Yes,Green,,
draculaura,Draculaura,Female,Vampire,,Webisodes,44,Yes,Black / Pink,,
frankie-stein,Frankie Stein,Female,Frankenmonster,,Webisodes,39,Yes,Black / White,,
ghoulia-yelps,Ghoulia Yelps,Female,Zombie,,Webisodes,21,Yes,Blue,,
lagoona-blue,Lagoona Blue,Female,Sea monster,,Webisodes,23,Yes,Blue / Yellow,,
amanita-nightshade,Amanita Nightshade,Female,Plant monster,,Webisodes,2,Yes,Purple,,
andy-beast,Andy Beast,Male,Beast monster,,Escape From Skull Shores,0,No,Purple,,
astranova,Astranova,Female,Comet Alien,,Boo York Boo York,1,No,Blue,,
avea-trotter,Avea Trotter,Female,Harpy / Centaur,,Freaky Fusion,1,No,Blue,,
batsy-claro,Batsy Claro,Female,White Vampire Bat,,Webisodes,1,No,White / Green,,
bonita-femur,Bonita Femur,Female,Skeleton / Moth,,Freaky Fusion,1,No,Yellow / Black / Pink,,
catrine-demew,Catrine DeMew,Female,Werecat,,Scaris: City of Fright,7,No,Purple,,
catty-noir,Catty Noir,Female,Werecat,,Music video,7,No,Pink,,
clawd-wolf,Clawd Wolf,Male,Werewolf,,Webisodes,7,Yes,Brown,,
finnegan-wake,Finnegan Wake,Male,Mermaid,,Webisodes,1,No,Blue,,
gigi-grant,Gigi Grant,Female,Genie,,13 wishes,6,Yes,Pink / Yellow,,
gilda-goldstag,Gilda Goldstag,Female,Deer,,Webisodes,1,Yes,Pink,,
gillington-webber,Gillington Webber,Male,River Monster,,Webisodes,5,No,Blue,,
gooliope-jellington,Gooliope Jellington,Female,Blob Monster,,Webisodes,1,No,Yellow / Pink,,
gory-fangtell,Gory Fangtell,Female,Vampire,,Webisodes,0,No,Black / Purple,,
heath-burns,Heath Burns,Male,Fire Elemental,,Webisodes,2,No,Red,,
holt-hyde,Holt Hyde,Male,Hyde-condition / Fire Elemental,,Webisodes,2,Yes,Red,,
hoodude-voodoo,Hoodude Voodoo,Male,Voodoo doll,,Webisodes,1,No,Blue,,
howleen-wolf,Howleen Wolf,Female,Werewolf,,Webisodes,8,Yes,Orange,,
invisi-billy,Invisi Billy,Male,Invisible,,Webisodes,2,No,Blue,,
iris-clops,Iris Clops,Female,Cyclops,,Webisodes,2,No,Green,,
isi-dawndancer,Isi Dawndancer,Female,Deer,,Webisodes,1,No,Blue,,
jackson-jekyll,Jackson Jekyll,Male,Human / Fire Elemental,,Webisodes,4,Yes,Black / Yellow,,
jane-boolittle,Jane Boolittle,Female,Jungle Monster,,Webisodes,3,Yes,Black / Pink,,
jinafire-long,Jinafire Long,Female,Dragon,,Scaris: City of Fright,8,No,Green / Black,,
johnny-spirit,Johnny Spirit,Male,Ghost,,Webisodes,0,No,Black / Blue,,
kala-merri,Kala Mer'ri,Female,Kraken,,Great Scarrier Reef,1,No,Blue / Orange,,
kieran-valentine,Kieran Valentine,Male,Emotional vampire,,Why Do Ghouls Fall in Love?,2,No,Black / Red,,
kjersti-trollsøn,Kjersti Trollsøn,Female,Troll,,Webisodes,1,No,Pink / Blue,,
lorna-mcnessie,Lorna McNessie,Female,Loch Ness Monster,,Webisodes,1,No,Orange,,
manny-taur,Manny Taur,Male,Minotaur,,Webisodes,1,No,Yellow,,
marisol-coxi,Marisol Coxi,Female,Bigfoot,,Webisodes,1,No,Pink / Green,,
meowlody,Meowlody,Female,Werecat,,Webisodes,5,No,White / Black,,
neighthan-rot,Neighthan Rot,Male,Unicorn / Zombie,,Freaky Fusion,1,No,Black / Yellow / Red / Blue,,
operetta,Operetta,Female,Ghost,,Webisodes,12,Yes,Red / Black,,
peri-and-pearl-serpentine,Peri and Pearl Serpentine,Female,Sea monster,,Great Scarrier Reef,1,No,Blue / White,,
purrsephone,Purrsephone,Female,Werecat,,Webisodes,5,No,Black / White,,
quill-talyntino,Quill Talyntino,Female,Harpy,,Webisodes,0,No,Blue,,
robecca-steam,Robecca Steam,Female,Robot,,Webisodes,8,Yes,Black / Blue,,
rochelle-goyle,Rochelle Goyle,Female,Gargoyle,,Webisodes,11,Yes,Pink / White,,
scarah-screams,Scarah Screams,Female,Banshee,,Webisodes,4,No,Black,,
sirena-von-boo,Sirena Von Boo,Female,Ghost / Mermaid,,Freaky Fusion,1,No,Blue / Purple,,
skelita-calaveras,Skelita Calaveras,Female,Skeleton,,Scaris: City of Fright,5,No,Black / Orange,,
sloman-mortavitch,Sloman Mortavitch,Male,Zombie,,Webisodes,2,No,Blue,,
spectra-vondergeist,Spectra Vondergeist,Female,Ghost,,Webisodes,14,Yes,Purple,,
spelldon-cauldronello,Spelldon Cauldronello,Male,Warlock,,Books,1,No,Blue / Pink,,
toralei-stripe,Toralei Stripe,Female,Werecat,,Webisodes,10,Yes,Orange / Brown,,
twyla-boogeyman,Twyla Boogeyman,Female,Boogeyman,,13 wishes,8,Yes,Blue / Purple,,
venus-mcflytrap,Venus McFlytrap,Female,Plant monster,,Webisodes,10,Yes,Pink / Green,,
wydowna-spider,Wydowna Spider,Female,Spider,,Webisodes,3,Yes,Red,,
clair,Clair,Female,Human,,Ghouls Rule,0,No,Black / Pink,,
djinni-grant,Djinni Grant,Female,Genie,,13 wishes,1,No,Pink / Black,,
elle-eedee,Elle Eedee,Female,Robot,,Boo York Boo York,1,No,Blue / Black,,
fawn,Fawn,Female,Deer,,13 wishes,0,No,Brown,,
garrott-du-roque,Garrott du Roque,Male,Gargoyle,,Scaris: City of Fright,1,No,Black,,
honey-swamp,Honey Swamp,Female,Honey Island Swamp Monster,,Frights Camera Action,4,No,Green,,
kiyomi-haunterly,Kiyomi Haunterly,Female,Faceless Ghost,,Haunted,1,No,Purple / Blue,,
lilith-van-hellscream,Lilith Van Hellscream,Female,Human,,Ghouls Rule,0,No,Black / Purple,,
luna-mothews,Luna Mothews,Female,Moth,,Boo York Boo York,1,No,Yellow / Black,,
mouscedes-king,Mouscedes King,Female,Rat Monster,,Boo York Boo York,2,No,Pink,,
porter-geiss,Porter Geiss,Male,Poltergeist,,Haunted,1,Yes,Green,,
posea-reef,Posea Reef,Female,Sea monster,,Great Scarrier Reef,1,No,Purple / Blue,,
river-styxx,River Styxx,Female,Grim Reaper,,Haunted,1,Yes,Purple / Blue / Pink,,
seth-ptolemy,Seth Ptolemy,Male,Mummy,,Boo York Boo York,0,No,Black / Gold,,
vandala-doubloons,Vandala Doubloons,Female,Ghost Pirate,,Haunted,1,Yes,Blue / White,,
ca-cupid,C.A. Cupid,Female,Eros,,Webisodes,2,No,Pink,,
casta-fierce,Casta Fierce,Female,Witch,,Webisodes,1,No,Black / Green,,
clawdia-wolf,Clawdia Wolf,Female,Werewolf,,Frights Camera Action,1,No,Yellow,,
elissabat,Elissabat,Female,Vampire,,Frights Camera Action,4,No,Black / Purple,,
nefera-de-nile,Nefera de Nile,Female,Mummy,,Webisodes,3,Yes,Blue / Gold,,
victor-frankenstein,Victor Frankenstein,Male,Human,,Freaky Fusion,0,No,White / Grey,,
viperine-gorgon,Viperine Gorgon,Female,Gorgon,,Frights Camera Action,2,No,Pink / White,,
madison-fear,Madison Fear,Female,Sirena,,Music video,1,No,Blue,,
boo-lu-cerone,Boo-Lu Cerone,Female,Ghost,,Webisodes,0,No,White / Pink,,
grimmily-anne-mcshmiddlebopper,Grimmily Anne McShmiddlebopper,Female,Loch Ness Monster,,Webisodes,1,No,Green,,
headless-headmistress-bloodgood,Headless Headmistress Bloodgood,Female,Headless Horseman,,Webisodes,1,Yes,Black,,
moanatella-ghostier,Moanatella Ghostier,Female,Ghost,,Scaris: City of Fright,0,No,Black / Purple,,
principal-revenant,Principal Revenant,Female,Ghost,,Haunted,0,No,Purple / Grey,,
aery-evenfall,Aery Evenfall,Female,Nightmare Pegasus,,Fright-Mares,1,No,Purple / Pink,,
bay-tidechaser,Bay Tidechaser,Female,Sea-Horse Centaur,,Fright-Mares,1,No,Blue / Yellow,,
frets-quartzman,Frets Quartzman,Female,Gargoyle Centaur,,Fright-Mares,1,No,Pink / Grey,,
pyxis-prepstockings,Pyxis Prepstockings,Female,Pegasus Centaur,,Fright-Mares,1,No,Blue / Pink,,
caprice-whimcanter,Caprice Whimcanter,Female,Dragon Centaur,,Fright-Mares,1,No,White / Pink,,
fawntine-fallowheart,Fawntine Fallowheart,Female,Deer Centaur,,Fright-Mares,1,No,Brown / Pink,,
flara-blaze,Flara Blaze,Female,Phoenix Centaur,,Fright-Mares,1,No,Orange / Yellow,,
meadoe-flurry,Meadoe Flurry,Female,Yeti Centaur,,Fright-Mares,1,No,Blue / White,,
merry-trotabout,Merry Trotabout,Female,Centaur,,Fright-Mares,1,No,Pink / Purple,,
olympia-wingfield,Olympia Wingfield,Female,Vampire Pegasus,,Fright-Mares,1,No,Pink / Black,,
penepole-steamtail,Penepole Steamtail,Female,Butterfly Centaur,,Fright-Mares,1,No,Blue / Purple,,
clawvennus,Clawvennus,Female,Werewolf / Plant monster,,Freaky Fusion,1,No,Pink / Green,,
dracubecca,Dracubecca,Female,Vampire / Robot,,Freaky Fusion,1,No,Black / Pink / Blue,,
lagoonafire,Lagoonafire,Female,Sea monster / Dragon,,Freaky Fusion,1,No,Green / Yellow,,
cleolei,Cleolei,Female,Mummy / Werecat,,Freaky Fusion,1,No,Brown / Orange / Gold,,